<?xml version="1.0" encoding="UTF-8" ?>
<!-- This is a WordPress eXtended RSS file generated by WordPress as an export of your site. -->
<!-- It contains information about your site's posts, pages, comments, categories, and other content. -->
<!-- You may use this file to transfer that content from one site to another. -->
<!-- This file is not intended to serve as a complete backup of your site. -->

<!-- To import this information into a WordPress site follow these steps: -->
<!-- 1. Log in to that site as an administrator. -->
<!-- 2. Go to Tools: Import in the WordPress admin panel. -->
<!-- 3. Install the "WordPress" importer from the list. -->
<!-- 4. Activate & Run Importer. -->
<!-- 5. Upload this file using the form provided on that page. -->
<!-- 6. You will first be asked to map the authors in this export file to users -->
<!--    on the site. For each author, you may choose to map to an -->
<!--    existing user on the site or to create a new user. -->
<!-- 7. WordPress will then import each of the posts, pages, comments, categories, etc. -->
<!--    contained in this file into your site. -->

<!-- generator="WordPress/3.8.3" created="2014-04-15 12:21" -->
<rss version="2.0"
	xmlns:excerpt="http://wordpress.org/export/1.2/excerpt/"
	xmlns:content="http://purl.org/rss/1.0/modules/content/"
	xmlns:wfw="http://wellformedweb.org/CommentAPI/"
	xmlns:dc="http://purl.org/dc/elements/1.1/"
	xmlns:wp="http://wordpress.org/export/1.2/"
>

<channel>
	<title>XtremelySocial</title>
	<link>http://xtremelysocial.com</link>
	<description>Facebook applications and WordPress themes</description>
	<pubDate>Tue, 15 Apr 2014 12:21:40 +0000</pubDate>
	<language>en-US</language>
	<wp:wxr_version>1.2</wp:wxr_version>
	<wp:base_site_url>http://xtremelysocial.com/</wp:base_site_url>
	<wp:base_blog_url>http://xtremelysocial.com/</wp:base_blog_url>

	<wp:author><wp:author_id>9</wp:author_id><wp:author_login>timnicholson</wp:author_login><wp:author_email>webmaster@xtremelysocial.com</wp:author_email><wp:author_display_name><![CDATA[Tim Nicholson]]></wp:author_display_name><wp:author_first_name><![CDATA[Tim]]></wp:author_first_name><wp:author_last_name><![CDATA[Nicholson]]></wp:author_last_name></wp:author>


	<generator>http://wordpress.org/?v=3.8.3</generator>
	<item>
				<title>It Doesn&#039;t take a Rocket Scientist</title>
		<link>http://xtremelysocial.com/spot/header-bg/#main</link>
		<pubDate>Mon, 21 Apr 2014 23:14:18 +0000</pubDate>
		<dc:creator><![CDATA[timnicholson]]></dc:creator>
		<guid isPermaLink="false">http://xtremelysocial.com/wp-content/uploads/2014/04/header-bg.jpg</guid>
		<description></description>
		<content:encoded><![CDATA[]]></content:encoded>
		<excerpt:encoded><![CDATA[<b>IT TAKES A DESIGNER</b>]]></excerpt:encoded>
		<wp:post_id>5010</wp:post_id>
		<wp:post_date>2014-04-21 18:14:18</wp:post_date>
		<wp:post_date_gmt>2014-04-21 23:14:18</wp:post_date_gmt>
		<wp:comment_status>open</wp:comment_status>
		<wp:ping_status>open</wp:ping_status>
		<wp:post_name>header-bg</wp:post_name>
		<wp:status>inherit</wp:status>
		<wp:post_parent>321</wp:post_parent>
		<wp:menu_order>0</wp:menu_order>
		<wp:post_type>attachment</wp:post_type>
		<wp:post_password></wp:post_password>
		<wp:is_sticky>0</wp:is_sticky>
		<wp:attachment_url>http://xtremelysocial.com/wp-content/uploads/2014/04/header-bg.jpg</wp:attachment_url>
		<wp:postmeta>
			<wp:meta_key>_wp_attached_file</wp:meta_key>
			<wp:meta_value><![CDATA[2014/04/header-bg.jpg]]></wp:meta_value>
		</wp:postmeta>
		<wp:postmeta>
			<wp:meta_key>_wp_attachment_metadata</wp:meta_key>
			<wp:meta_value><![CDATA[a:5:{s:5:"width";i:1500;s:6:"height";i:700;s:4:"file";s:21:"2014/04/header-bg.jpg";s:5:"sizes";a:5:{s:9:"thumbnail";a:4:{s:4:"file";s:21:"header-bg-150x150.jpg";s:5:"width";i:150;s:6:"height";i:150;s:9:"mime-type";s:10:"image/jpeg";}s:6:"medium";a:4:{s:4:"file";s:21:"header-bg-640x298.jpg";s:5:"width";i:640;s:6:"height";i:298;s:9:"mime-type";s:10:"image/jpeg";}s:5:"large";a:4:{s:4:"file";s:22:"header-bg-1024x477.jpg";s:5:"width";i:1024;s:6:"height";i:477;s:9:"mime-type";s:10:"image/jpeg";}s:14:"post-thumbnail";a:4:{s:4:"file";s:21:"header-bg-640x360.jpg";s:5:"width";i:640;s:6:"height";i:360;s:9:"mime-type";s:10:"image/jpeg";}s:15:"yarpp-thumbnail";a:4:{s:4:"file";s:21:"header-bg-120x120.jpg";s:5:"width";i:120;s:6:"height";i:120;s:9:"mime-type";s:10:"image/jpeg";}}s:10:"image_meta";a:10:{s:8:"aperture";i:0;s:6:"credit";s:0:"";s:6:"camera";s:0:"";s:7:"caption";s:0:"";s:17:"created_timestamp";i:0;s:9:"copyright";s:0:"";s:12:"focal_length";i:0;s:3:"iso";i:0;s:13:"shutter_speed";i:0;s:5:"title";s:0:"";}}]]></wp:meta_value>
		</wp:postmeta>
	</item>
	<item>
				<title>p01</title>
		<link>http://xtremelysocial.com/spot/p01/#main</link>
		<pubDate>Mon, 21 Apr 2014 23:45:15 +0000</pubDate>
		<dc:creator><![CDATA[timnicholson]]></dc:creator>
		<guid isPermaLink="false">http://xtremelysocial.com/wp-content/uploads/2014/04/p01.png</guid>
		<description></description>
		<content:encoded><![CDATA[]]></content:encoded>
		<excerpt:encoded><![CDATA[]]></excerpt:encoded>
		<wp:post_id>5011</wp:post_id>
		<wp:post_date>2014-04-21 18:45:15</wp:post_date>
		<wp:post_date_gmt>2014-04-21 23:45:15</wp:post_date_gmt>
		<wp:comment_status>open</wp:comment_status>
		<wp:ping_status>open</wp:ping_status>
		<wp:post_name>p01</wp:post_name>
		<wp:status>inherit</wp:status>
		<wp:post_parent>321</wp:post_parent>
		<wp:menu_order>0</wp:menu_order>
		<wp:post_type>attachment</wp:post_type>
		<wp:post_password></wp:post_password>
		<wp:is_sticky>0</wp:is_sticky>
		<wp:attachment_url>http://xtremelysocial.com/wp-content/uploads/2014/04/p01.png</wp:attachment_url>
		<wp:postmeta>
			<wp:meta_key>_wp_attached_file</wp:meta_key>
			<wp:meta_value><![CDATA[2014/04/p01.png]]></wp:meta_value>
		</wp:postmeta>
		<wp:postmeta>
			<wp:meta_key>_wp_attachment_metadata</wp:meta_key>
			<wp:meta_value><![CDATA[a:5:{s:5:"width";i:300;s:6:"height";i:426;s:4:"file";s:15:"2014/04/p01.png";s:5:"sizes";a:4:{s:9:"thumbnail";a:4:{s:4:"file";s:15:"p01-150x150.png";s:5:"width";i:150;s:6:"height";i:150;s:9:"mime-type";s:9:"image/png";}s:6:"medium";a:4:{s:4:"file";s:15:"p01-253x360.png";s:5:"width";i:253;s:6:"height";i:360;s:9:"mime-type";s:9:"image/png";}s:14:"post-thumbnail";a:4:{s:4:"file";s:15:"p01-300x360.png";s:5:"width";i:300;s:6:"height";i:360;s:9:"mime-type";s:9:"image/png";}s:15:"yarpp-thumbnail";a:4:{s:4:"file";s:15:"p01-120x120.png";s:5:"width";i:120;s:6:"height";i:120;s:9:"mime-type";s:9:"image/png";}}s:10:"image_meta";a:10:{s:8:"aperture";i:0;s:6:"credit";s:0:"";s:6:"camera";s:0:"";s:7:"caption";s:0:"";s:17:"created_timestamp";i:0;s:9:"copyright";s:0:"";s:12:"focal_length";i:0;s:3:"iso";i:0;s:13:"shutter_speed";i:0;s:5:"title";s:0:"";}}]]></wp:meta_value>
		</wp:postmeta>
	</item>
	<item>
				<title>p03</title>
		<link>http://xtremelysocial.com/spot/p03/#main</link>
		<pubDate>Mon, 21 Apr 2014 23:45:59 +0000</pubDate>
		<dc:creator><![CDATA[timnicholson]]></dc:creator>
		<guid isPermaLink="false">http://xtremelysocial.com/wp-content/uploads/2014/04/p03.png</guid>
		<description></description>
		<content:encoded><![CDATA[]]></content:encoded>
		<excerpt:encoded><![CDATA[]]></excerpt:encoded>
		<wp:post_id>5012</wp:post_id>
		<wp:post_date>2014-04-21 18:45:59</wp:post_date>
		<wp:post_date_gmt>2014-04-21 23:45:59</wp:post_date_gmt>
		<wp:comment_status>open</wp:comment_status>
		<wp:ping_status>open</wp:ping_status>
		<wp:post_name>p03</wp:post_name>
		<wp:status>inherit</wp:status>
		<wp:post_parent>321</wp:post_parent>
		<wp:menu_order>0</wp:menu_order>
		<wp:post_type>attachment</wp:post_type>
		<wp:post_password></wp:post_password>
		<wp:is_sticky>0</wp:is_sticky>
		<wp:attachment_url>http://xtremelysocial.com/wp-content/uploads/2014/04/p03.png</wp:attachment_url>
		<wp:postmeta>
			<wp:meta_key>_wp_attached_file</wp:meta_key>
			<wp:meta_value><![CDATA[2014/04/p03.png]]></wp:meta_value>
		</wp:postmeta>
		<wp:postmeta>
			<wp:meta_key>_wp_attachment_metadata</wp:meta_key>
			<wp:meta_value><![CDATA[a:5:{s:5:"width";i:300;s:6:"height";i:426;s:4:"file";s:15:"2014/04/p03.png";s:5:"sizes";a:4:{s:9:"thumbnail";a:4:{s:4:"file";s:15:"p03-150x150.png";s:5:"width";i:150;s:6:"height";i:150;s:9:"mime-type";s:9:"image/png";}s:6:"medium";a:4:{s:4:"file";s:15:"p03-253x360.png";s:5:"width";i:253;s:6:"height";i:360;s:9:"mime-type";s:9:"image/png";}s:14:"post-thumbnail";a:4:{s:4:"file";s:15:"p03-300x360.png";s:5:"width";i:300;s:6:"height";i:360;s:9:"mime-type";s:9:"image/png";}s:15:"yarpp-thumbnail";a:4:{s:4:"file";s:15:"p03-120x120.png";s:5:"width";i:120;s:6:"height";i:120;s:9:"mime-type";s:9:"image/png";}}s:10:"image_meta";a:10:{s:8:"aperture";i:0;s:6:"credit";s:0:"";s:6:"camera";s:0:"";s:7:"caption";s:0:"";s:17:"created_timestamp";i:0;s:9:"copyright";s:0:"";s:12:"focal_length";i:0;s:3:"iso";i:0;s:13:"shutter_speed";i:0;s:5:"title";s:0:"";}}]]></wp:meta_value>
		</wp:postmeta>
	</item>
	<item>
				<title>p02</title>
		<link>http://xtremelysocial.com/spot/p02/#main</link>
		<pubDate>Mon, 21 Apr 2014 23:46:25 +0000</pubDate>
		<dc:creator><![CDATA[timnicholson]]></dc:creator>
		<guid isPermaLink="false">http://xtremelysocial.com/wp-content/uploads/2014/04/p02.png</guid>
		<description></description>
		<content:encoded><![CDATA[]]></content:encoded>
		<excerpt:encoded><![CDATA[]]></excerpt:encoded>
		<wp:post_id>5013</wp:post_id>
		<wp:post_date>2014-04-21 18:46:25</wp:post_date>
		<wp:post_date_gmt>2014-04-21 23:46:25</wp:post_date_gmt>
		<wp:comment_status>open</wp:comment_status>
		<wp:ping_status>open</wp:ping_status>
		<wp:post_name>p02</wp:post_name>
		<wp:status>inherit</wp:status>
		<wp:post_parent>321</wp:post_parent>
		<wp:menu_order>0</wp:menu_order>
		<wp:post_type>attachment</wp:post_type>
		<wp:post_password></wp:post_password>
		<wp:is_sticky>0</wp:is_sticky>
		<wp:attachment_url>http://xtremelysocial.com/wp-content/uploads/2014/04/p02.png</wp:attachment_url>
		<wp:postmeta>
			<wp:meta_key>_wp_attached_file</wp:meta_key>
			<wp:meta_value><![CDATA[2014/04/p02.png]]></wp:meta_value>
		</wp:postmeta>
		<wp:postmeta>
			<wp:meta_key>_wp_attachment_metadata</wp:meta_key>
			<wp:meta_value><![CDATA[a:5:{s:5:"width";i:300;s:6:"height";i:426;s:4:"file";s:15:"2014/04/p02.png";s:5:"sizes";a:4:{s:9:"thumbnail";a:4:{s:4:"file";s:15:"p02-150x150.png";s:5:"width";i:150;s:6:"height";i:150;s:9:"mime-type";s:9:"image/png";}s:6:"medium";a:4:{s:4:"file";s:15:"p02-253x360.png";s:5:"width";i:253;s:6:"height";i:360;s:9:"mime-type";s:9:"image/png";}s:14:"post-thumbnail";a:4:{s:4:"file";s:15:"p02-300x360.png";s:5:"width";i:300;s:6:"height";i:360;s:9:"mime-type";s:9:"image/png";}s:15:"yarpp-thumbnail";a:4:{s:4:"file";s:15:"p02-120x120.png";s:5:"width";i:120;s:6:"height";i:120;s:9:"mime-type";s:9:"image/png";}}s:10:"image_meta";a:10:{s:8:"aperture";i:0;s:6:"credit";s:0:"";s:6:"camera";s:0:"";s:7:"caption";s:0:"";s:17:"created_timestamp";i:0;s:9:"copyright";s:0:"";s:12:"focal_length";i:0;s:3:"iso";i:0;s:13:"shutter_speed";i:0;s:5:"title";s:0:"";}}]]></wp:meta_value>
		</wp:postmeta>
	</item>
	<item>
				<title>munter</title>
		<link>http://xtremelysocial.com/spot/munter/#main</link>
		<pubDate>Mon, 21 Apr 2014 23:46:53 +0000</pubDate>
		<dc:creator><![CDATA[timnicholson]]></dc:creator>
		<guid isPermaLink="false">http://xtremelysocial.com/wp-content/uploads/2014/04/munter.png</guid>
		<description></description>
		<content:encoded><![CDATA[]]></content:encoded>
		<excerpt:encoded><![CDATA[]]></excerpt:encoded>
		<wp:post_id>5014</wp:post_id>
		<wp:post_date>2014-04-21 18:46:53</wp:post_date>
		<wp:post_date_gmt>2014-04-21 23:46:53</wp:post_date_gmt>
		<wp:comment_status>open</wp:comment_status>
		<wp:ping_status>open</wp:ping_status>
		<wp:post_name>munter</wp:post_name>
		<wp:status>inherit</wp:status>
		<wp:post_parent>321</wp:post_parent>
		<wp:menu_order>0</wp:menu_order>
		<wp:post_type>attachment</wp:post_type>
		<wp:post_password></wp:post_password>
		<wp:is_sticky>0</wp:is_sticky>
		<wp:attachment_url>http://xtremelysocial.com/wp-content/uploads/2014/04/munter.png</wp:attachment_url>
		<wp:postmeta>
			<wp:meta_key>_wp_attachment_metadata</wp:meta_key>
			<wp:meta_value><![CDATA[a:5:{s:5:"width";i:1600;s:6:"height";i:564;s:4:"file";s:18:"2014/04/munter.png";s:5:"sizes";a:5:{s:9:"thumbnail";a:4:{s:4:"file";s:18:"munter-150x150.png";s:5:"width";i:150;s:6:"height";i:150;s:9:"mime-type";s:9:"image/png";}s:6:"medium";a:4:{s:4:"file";s:18:"munter-640x225.png";s:5:"width";i:640;s:6:"height";i:225;s:9:"mime-type";s:9:"image/png";}s:5:"large";a:4:{s:4:"file";s:19:"munter-1024x360.png";s:5:"width";i:1024;s:6:"height";i:360;s:9:"mime-type";s:9:"image/png";}s:14:"post-thumbnail";a:4:{s:4:"file";s:18:"munter-640x360.png";s:5:"width";i:640;s:6:"height";i:360;s:9:"mime-type";s:9:"image/png";}s:15:"yarpp-thumbnail";a:4:{s:4:"file";s:18:"munter-120x120.png";s:5:"width";i:120;s:6:"height";i:120;s:9:"mime-type";s:9:"image/png";}}s:10:"image_meta";a:10:{s:8:"aperture";i:0;s:6:"credit";s:0:"";s:6:"camera";s:0:"";s:7:"caption";s:0:"";s:17:"created_timestamp";i:0;s:9:"copyright";s:0:"";s:12:"focal_length";i:0;s:3:"iso";i:0;s:13:"shutter_speed";i:0;s:5:"title";s:0:"";}}]]></wp:meta_value>
		</wp:postmeta>
		<wp:postmeta>
			<wp:meta_key>_wp_attached_file</wp:meta_key>
			<wp:meta_value><![CDATA[2014/04/munter.png]]></wp:meta_value>
		</wp:postmeta>
	</item>
	<item>
				<title>c01</title>
		<link>http://xtremelysocial.com/spot/c01/#main</link>
		<pubDate>Mon, 21 Apr 2014 23:48:39 +0000</pubDate>
		<dc:creator><![CDATA[timnicholson]]></dc:creator>
		<guid isPermaLink="false">http://xtremelysocial.com/wp-content/uploads/2014/04/c01.gif</guid>
		<description></description>
		<content:encoded><![CDATA[]]></content:encoded>
		<excerpt:encoded><![CDATA[]]></excerpt:encoded>
		<wp:post_id>5015</wp:post_id>
		<wp:post_date>2014-04-21 18:48:39</wp:post_date>
		<wp:post_date_gmt>2014-04-21 23:48:39</wp:post_date_gmt>
		<wp:comment_status>open</wp:comment_status>
		<wp:ping_status>open</wp:ping_status>
		<wp:post_name>c01</wp:post_name>
		<wp:status>inherit</wp:status>
		<wp:post_parent>321</wp:post_parent>
		<wp:menu_order>0</wp:menu_order>
		<wp:post_type>attachment</wp:post_type>
		<wp:post_password></wp:post_password>
		<wp:is_sticky>0</wp:is_sticky>
		<wp:attachment_url>http://xtremelysocial.com/wp-content/uploads/2014/04/c01.gif</wp:attachment_url>
		<wp:postmeta>
			<wp:meta_key>_wp_attached_file</wp:meta_key>
			<wp:meta_value><![CDATA[2014/04/c01.gif]]></wp:meta_value>
		</wp:postmeta>
		<wp:postmeta>
			<wp:meta_key>_wp_attachment_metadata</wp:meta_key>
			<wp:meta_value><![CDATA[a:5:{s:5:"width";i:170;s:6:"height";i:200;s:4:"file";s:15:"2014/04/c01.gif";s:5:"sizes";a:2:{s:9:"thumbnail";a:4:{s:4:"file";s:15:"c01-150x150.gif";s:5:"width";i:150;s:6:"height";i:150;s:9:"mime-type";s:9:"image/gif";}s:15:"yarpp-thumbnail";a:4:{s:4:"file";s:15:"c01-120x120.gif";s:5:"width";i:120;s:6:"height";i:120;s:9:"mime-type";s:9:"image/gif";}}s:10:"image_meta";a:10:{s:8:"aperture";i:0;s:6:"credit";s:0:"";s:6:"camera";s:0:"";s:7:"caption";s:0:"";s:17:"created_timestamp";i:0;s:9:"copyright";s:0:"";s:12:"focal_length";i:0;s:3:"iso";i:0;s:13:"shutter_speed";i:0;s:5:"title";s:0:"";}}]]></wp:meta_value>
		</wp:postmeta>
	</item>
	<item>
				<title>c02</title>
		<link>http://xtremelysocial.com/spot/c02/#main</link>
		<pubDate>Mon, 21 Apr 2014 23:49:19 +0000</pubDate>
		<dc:creator><![CDATA[timnicholson]]></dc:creator>
		<guid isPermaLink="false">http://xtremelysocial.com/wp-content/uploads/2014/04/c02.gif</guid>
		<description></description>
		<content:encoded><![CDATA[]]></content:encoded>
		<excerpt:encoded><![CDATA[]]></excerpt:encoded>
		<wp:post_id>5016</wp:post_id>
		<wp:post_date>2014-04-21 18:49:19</wp:post_date>
		<wp:post_date_gmt>2014-04-21 23:49:19</wp:post_date_gmt>
		<wp:comment_status>open</wp:comment_status>
		<wp:ping_status>open</wp:ping_status>
		<wp:post_name>c02</wp:post_name>
		<wp:status>inherit</wp:status>
		<wp:post_parent>321</wp:post_parent>
		<wp:menu_order>0</wp:menu_order>
		<wp:post_type>attachment</wp:post_type>
		<wp:post_password></wp:post_password>
		<wp:is_sticky>0</wp:is_sticky>
		<wp:attachment_url>http://xtremelysocial.com/wp-content/uploads/2014/04/c02.gif</wp:attachment_url>
		<wp:postmeta>
			<wp:meta_key>_wp_attachment_metadata</wp:meta_key>
			<wp:meta_value><![CDATA[a:5:{s:5:"width";i:170;s:6:"height";i:200;s:4:"file";s:15:"2014/04/c02.gif";s:5:"sizes";a:2:{s:9:"thumbnail";a:4:{s:4:"file";s:15:"c02-150x150.gif";s:5:"width";i:150;s:6:"height";i:150;s:9:"mime-type";s:9:"image/gif";}s:15:"yarpp-thumbnail";a:4:{s:4:"file";s:15:"c02-120x120.gif";s:5:"width";i:120;s:6:"height";i:120;s:9:"mime-type";s:9:"image/gif";}}s:10:"image_meta";a:10:{s:8:"aperture";i:0;s:6:"credit";s:0:"";s:6:"camera";s:0:"";s:7:"caption";s:0:"";s:17:"created_timestamp";i:0;s:9:"copyright";s:0:"";s:12:"focal_length";i:0;s:3:"iso";i:0;s:13:"shutter_speed";i:0;s:5:"title";s:0:"";}}]]></wp:meta_value>
		</wp:postmeta>
		<wp:postmeta>
			<wp:meta_key>_wp_attached_file</wp:meta_key>
			<wp:meta_value><![CDATA[2014/04/c02.gif]]></wp:meta_value>
		</wp:postmeta>
	</item>
	<item>
				<title>c03</title>
		<link>http://xtremelysocial.com/spot/c03/#main</link>
		<pubDate>Mon, 21 Apr 2014 23:49:39 +0000</pubDate>
		<dc:creator><![CDATA[timnicholson]]></dc:creator>
		<guid isPermaLink="false">http://xtremelysocial.com/wp-content/uploads/2014/04/c03.gif</guid>
		<description></description>
		<content:encoded><![CDATA[]]></content:encoded>
		<excerpt:encoded><![CDATA[]]></excerpt:encoded>
		<wp:post_id>5017</wp:post_id>
		<wp:post_date>2014-04-21 18:49:39</wp:post_date>
		<wp:post_date_gmt>2014-04-21 23:49:39</wp:post_date_gmt>
		<wp:comment_status>open</wp:comment_status>
		<wp:ping_status>open</wp:ping_status>
		<wp:post_name>c03</wp:post_name>
		<wp:status>inherit</wp:status>
		<wp:post_parent>321</wp:post_parent>
		<wp:menu_order>0</wp:menu_order>
		<wp:post_type>attachment</wp:post_type>
		<wp:post_password></wp:post_password>
		<wp:is_sticky>0</wp:is_sticky>
		<wp:attachment_url>http://xtremelysocial.com/wp-content/uploads/2014/04/c03.gif</wp:attachment_url>
		<wp:postmeta>
			<wp:meta_key>_wp_attachment_metadata</wp:meta_key>
			<wp:meta_value><![CDATA[a:5:{s:5:"width";i:170;s:6:"height";i:200;s:4:"file";s:15:"2014/04/c03.gif";s:5:"sizes";a:2:{s:9:"thumbnail";a:4:{s:4:"file";s:15:"c03-150x150.gif";s:5:"width";i:150;s:6:"height";i:150;s:9:"mime-type";s:9:"image/gif";}s:15:"yarpp-thumbnail";a:4:{s:4:"file";s:15:"c03-120x120.gif";s:5:"width";i:120;s:6:"height";i:120;s:9:"mime-type";s:9:"image/gif";}}s:10:"image_meta";a:10:{s:8:"aperture";i:0;s:6:"credit";s:0:"";s:6:"camera";s:0:"";s:7:"caption";s:0:"";s:17:"created_timestamp";i:0;s:9:"copyright";s:0:"";s:12:"focal_length";i:0;s:3:"iso";i:0;s:13:"shutter_speed";i:0;s:5:"title";s:0:"";}}]]></wp:meta_value>
		</wp:postmeta>
		<wp:postmeta>
			<wp:meta_key>_wp_attached_file</wp:meta_key>
			<wp:meta_value><![CDATA[2014/04/c03.gif]]></wp:meta_value>
		</wp:postmeta>
	</item>
	<item>
				<title>c04</title>
		<link>http://xtremelysocial.com/spot/c04/#main</link>
		<pubDate>Mon, 21 Apr 2014 23:50:15 +0000</pubDate>
		<dc:creator><![CDATA[timnicholson]]></dc:creator>
		<guid isPermaLink="false">http://xtremelysocial.com/wp-content/uploads/2014/04/c04.png</guid>
		<description></description>
		<content:encoded><![CDATA[]]></content:encoded>
		<excerpt:encoded><![CDATA[]]></excerpt:encoded>
		<wp:post_id>5018</wp:post_id>
		<wp:post_date>2014-04-21 18:50:15</wp:post_date>
		<wp:post_date_gmt>2014-04-21 23:50:15</wp:post_date_gmt>
		<wp:comment_status>open</wp:comment_status>
		<wp:ping_status>open</wp:ping_status>
		<wp:post_name>c04</wp:post_name>
		<wp:status>inherit</wp:status>
		<wp:post_parent>321</wp:post_parent>
		<wp:menu_order>0</wp:menu_order>
		<wp:post_type>attachment</wp:post_type>
		<wp:post_password></wp:post_password>
		<wp:is_sticky>0</wp:is_sticky>
		<wp:attachment_url>http://xtremelysocial.com/wp-content/uploads/2014/04/c04.png</wp:attachment_url>
		<wp:postmeta>
			<wp:meta_key>_wp_attached_file</wp:meta_key>
			<wp:meta_value><![CDATA[2014/04/c04.png]]></wp:meta_value>
		</wp:postmeta>
		<wp:postmeta>
			<wp:meta_key>_wp_attachment_metadata</wp:meta_key>
			<wp:meta_value><![CDATA[a:5:{s:5:"width";i:170;s:6:"height";i:170;s:4:"file";s:15:"2014/04/c04.png";s:5:"sizes";a:2:{s:9:"thumbnail";a:4:{s:4:"file";s:15:"c04-150x150.png";s:5:"width";i:150;s:6:"height";i:150;s:9:"mime-type";s:9:"image/png";}s:15:"yarpp-thumbnail";a:4:{s:4:"file";s:15:"c04-120x120.png";s:5:"width";i:120;s:6:"height";i:120;s:9:"mime-type";s:9:"image/png";}}s:10:"image_meta";a:10:{s:8:"aperture";i:0;s:6:"credit";s:0:"";s:6:"camera";s:0:"";s:7:"caption";s:0:"";s:17:"created_timestamp";i:0;s:9:"copyright";s:0:"";s:12:"focal_length";i:0;s:3:"iso";i:0;s:13:"shutter_speed";i:0;s:5:"title";s:0:"";}}]]></wp:meta_value>
		</wp:postmeta>
	</item>
	<item>
				<title>Spot Theme Sample Page</title>
		<link>http://xtremelysocial.com/spot/</link>
		<pubDate>Tue, 22 Apr 2014 00:22:40 +0000</pubDate>
		<dc:creator><![CDATA[timnicholson]]></dc:creator>
		<guid isPermaLink="false">http://xtremelysocial.com/?page_id=321</guid>
		<description></description>
		<content:encoded><![CDATA[<div class="section offwhite" id="content-area">

<div class="container">

<div class="row centered">

<div class="col-sm-4"><center>

<span class="fa fa-heart color-red icon-lg"></span>

<h4>DESIGN</h4>

There are many variations of passages of Lorem Ipsum available, but the majority have suffered alteration in some form, by injected humour, or randomised words which don't look even believable.

</center></div>

<div class="col-sm-4"><center>

<span class="fa fa-laptop color-red icon-lg"></span>

<h4>BOOTSTRAP</h4>

There are many variations of passages of Lorem Ipsum available, but the majority have suffered alteration in some form, by injected humour, or randomised words which don't look even believable.

</center></div>

<div class="col-sm-4"><center>

<span class="fa fa-trophy color-red icon-lg"></span>

<h4>SUPPORT</h4>

There are many variations of passages of Lorem Ipsum available, but the majority have suffered alteration in some form, by injected humour, or randomised words which don't look even believable.

</center></div>

</div>

</div>

</div>



<div class="section darkgray" id="works">

<div class="container">

<div class="row centered"><center>

<h2>LATEST WORKS</h2>

</center>

<div class="col-md-4">

<div class="tilt"><a href="#"><img src="http://xtremelysocial.com/wp-content/uploads/2014/04/p01.png" alt="p01" width="300" height="426" class="aligncenter size-full wp-image-5011" /></a></div>

</div>

<div class="col-md-4">

<div class="tilt"><center><a href="#"><img src="http://xtremelysocial.com/wp-content/uploads/2014/04/p03.png" alt="p03" width="300" height="426" class="aligncenter size-full wp-image-5012" /></a></div>

</div>

<div class="col-md-4">

<div class="tilt"><a href="#"><img src="http://xtremelysocial.com/wp-content/uploads/2014/04/p02.png" alt="p02" width="300" height="426" class="aligncenter size-full wp-image-5013" /></a></div>

</div>

</div>

</div>

</div>



<div class="section offwhite nopadding-bottom">

<div class="container">

<div class="row centered">

<div class="col-lg-8 col-lg-offset-2"><center>

<h2>WE CREATE FIRST CLASS DESIGN</h2>

By being true to the brand we represent, we elevate the audiences’ relationship to it. Like becomes love becomes a passion. Passion becomes advocacy. And we see the brand blossom from within, creating a whole story the audience embraces. That’s when the brand can truly flex its muscles.

</center></div>

<div class="col-lg-2"></div>

<div class="col-lg-10 col-lg-offset-1"><img src="http://xtremelysocial.com/wp-content/uploads/2014/04/munter-1024x360.png" alt="munter" width="1024" height="360" class="aligncenter size-large wp-image-5014" /></div>

</div>

</div>

</div>



<!-- 

<div class="section nopadding-bottom" id="blog">

<div class="container">

<h2>Recents Posts</h2>

<div class="row">

<div class="col-lg-8">

<p>Our latest thoughts on all things social, Facebook, and WordPress.</p>

</div>

<div class="col-lg-4">

<p class="pull-right"><a href="#"><big>&gt;</big> See All Posts</a></p>

</div>

</div>

</div>

</div>

-->



<!-- DON'T PUT THIS IN THE PAGE ITSELF, USE TEXT WIDGETS IN THE PAGE-BOTTOM SECTION -->

<aside id="text-sample-customers" class="widget widget_text clearfix section lightgray padding-top nopadding-bottom centered">

<div class="container">

<h2 class="widget-title centered">SOME OF OUR AWESOME CLIENTS</h2>			

<div class="textwidget">

<div class="row">

<div class="col-xs-6 col-md-3">

<img src="http://xtremelysocial.com/wp-content/uploads/2014/04/c01.gif" alt="c01" width="170" height="200" class="aligncenter size-full wp-image-5015" /></div>

<div class="col-xs-6 col-md-3">

<img src="http://xtremelysocial.com/wp-content/uploads/2014/04/c02.gif" alt="c02" width="170" height="200" class="aligncenter size-full wp-image-5016" /></div>

<div class="col-xs-6 col-md-3">

<img src="http://xtremelysocial.com/wp-content/uploads/2014/04/c03.gif" alt="c03" width="170" height="200" class="aligncenter size-full wp-image-5017" /></div>

<div class="col-xs-6 col-md-3">

<img src="http://xtremelysocial.com/wp-content/uploads/2014/04/c04.png" alt="c04" width="170" height="170" class="aligncenter size-full wp-image-5018" /></div>

</div>

</div>

</div><!-- container -->

</aside>]]></content:encoded>
		<excerpt:encoded><![CDATA[]]></excerpt:encoded>
		<wp:post_id>321</wp:post_id>
		<wp:post_date>2014-04-21 19:22:40</wp:post_date>
		<wp:post_date_gmt>2014-04-22 00:22:40</wp:post_date_gmt>
		<wp:comment_status>closed</wp:comment_status>
		<wp:ping_status>closed</wp:ping_status>
		<wp:post_name>spot</wp:post_name>
		<wp:status>draft</wp:status>
		<wp:post_parent>0</wp:post_parent>
		<wp:menu_order>0</wp:menu_order>
		<wp:post_type>page</wp:post_type>
		<wp:post_password></wp:post_password>
		<wp:is_sticky>0</wp:is_sticky>
		<wp:postmeta>
			<wp:meta_key>_wp_page_template</wp:meta_key>
			<wp:meta_value><![CDATA[page-fullwidth.php]]></wp:meta_value>
		</wp:postmeta>
		<wp:postmeta>
			<wp:meta_key>_edit_last</wp:meta_key>
			<wp:meta_value><![CDATA[9]]></wp:meta_value>
		</wp:postmeta>
		<wp:postmeta>
			<wp:meta_key>_thumbnail_id</wp:meta_key>
			<wp:meta_value><![CDATA[5010]]></wp:meta_value>
		</wp:postmeta>
		<wp:postmeta>
			<wp:meta_key>shareaholic_disable_share_buttons</wp:meta_key>
			<wp:meta_value><![CDATA[]]></wp:meta_value>
		</wp:postmeta>
		<wp:postmeta>
			<wp:meta_key>shareaholic_disable_open_graph_tags</wp:meta_key>
			<wp:meta_value><![CDATA[0]]></wp:meta_value>
		</wp:postmeta>
		<wp:postmeta>
			<wp:meta_key>_subtitle</wp:meta_key>
			<wp:meta_value><![CDATA[This is a subtitle for this sample page]]></wp:meta_value>
		</wp:postmeta>
	</item>
</channel>
</rss>
